StrikerName,TeamCode,Matches,Innings,Balls,TotalRuns,BattingAverage,StrikeRate
AB de Villiers,RCB,124,118,2390,3860,41.4,161.50627615062763
Aaron Finch,"GL,KKR,MI,PBKS,PWI,RCB,SRH",83,81,1513,1968,22.935,130.07270323859882
Abdul Basith,RR,1,1,1,1,0.0,100.0
Abdul Samad,SRH,50,40,395,577,19.396,146.0759493670886
Abhijeet Tomar,KKR,1,1,8,4,4.0,50.0
Abhimanyu Mithun,RCB,1,1,2,2,2.0,100.0
Abhinav Manohar,GT,19,15,174,231,13.83333333,132.75862068965517
Abhinav Mukund,RCB,1,1,21,19,19.0,90.47619047619048
Abhishek Nayar,"PWI,RR",16,13,120,109,12.665,90.83333333333333
Abhishek Sharma,"DC,SRH",63,61,887,1377,41.35666667,155.2423900789177
Abishek Porel,DC,18,16,236,360,20.475,152.54237288135593
Abu Nechim,RCB,7,4,6,14,5.0,233.33333333333334
Adam Gilchrist,PBKS,13,13,229,294,24.5,128.38427947598254
Adam Milne,"MI,RCB",8,6,29,23,5.75,79.3103448275862
Adam Zampa,"RPS,RR",17,5,24,15,2.915,62.5
Adil Rashid,SRH,2,2,16,22,11.0,137.5
Aditya Tare,"DC,MI,SRH",28,24,237,289,8.594444444,121.94092827004219
Aiden Markram,"PBKS,SRH",44,42,767,995,30.37,129.72620599739244
Ajantha Mendis,PWI,3,1,4,2,2.0,50.0
Ajinkya Rahane,"CSK,DC,KKR,RPS,RR",149,139,3090,3814,25.134,123.43042071197411
Ajit Agarkar,DC,4,2,16,12,12.0,75.0
Ajit Chandila,RR,8,1,6,4,0.0,66.66666666666667
Akash Deep,RCB,3,2,10,19,8.5,190.0
Akash Madhwal,MI,5,1,5,4,0.0,80.0
Akeal Hosein,SRH,1,1,10,16,0.0,160.0
Akila Dananjaya,MI,1,1,5,4,0.0,80.0
Akshath Reddy,SRH,7,7,101,91,13.0,90.0990099009901
Akshdeep Nath,"GL,PBKS,RCB",14,10,98,90,8.176666667,91.83673469387755
Albie Morkel,"CSK,DC,RCB,RPS",21,12,152,193,33.0825,126.97368421052632
Alex Carey,DC,3,3,29,32,16.0,110.34482758620689
Alex Hales,SRH,6,6,118,148,24.66,125.42372881355932
Ali Murtaza,PWI,3,1,4,5,5.0,125.0
Alzarri Joseph,"GT,MI",19,7,32,27,1.25,84.375
Aman Khan,"DC,KKR",12,10,104,115,9.375,110.57692307692308
Ambati Rayudu,"CSK,MI",157,142,2561,3264,27.08466667,127.45021475985943
Amit Mishra,"DC,LSG,SRH",95,28,237,195,13.83833333,82.27848101265823
Andre Russell,"DC,KKR",123,103,1394,2437,16.658,174.8206599713056
Andrew Tye,"GL,PBKS,RR",27,13,76,91,11.72166667,119.73684210526316
Angelo Mathews,"DC,PWI",25,22,270,348,21.4275,128.88888888888889
Angkrish Raghuvanshi,KKR,10,7,105,163,23.29,155.23809523809524
Aniket Choudhary,RCB,5,3,20,25,25.0,125.0
Ankit Bawne,DC,1,1,12,12,0.0,100.0
Ankit Rajpoot,"KKR,PBKS,RR",19,6,35,24,5.553333333,68.57142857142857
Ankit Sharma,"RPS,RR",11,6,54,69,12.25,127.77777777777777
Ankit Soni,GL,7,3,9,7,3.5,77.77777777777777
Anmolpreet Singh,"MI,SRH",9,9,115,139,12.8125,120.8695652173913
Anrich Nortje,DC,38,15,49,49,5.3325,100.0
Anshul Kamboj,MI,3,1,2,2,0.0,100.0
Anuj Rawat,"RCB,RR",24,21,267,318,11.82666667,119.10112359550561
Anukul Roy,KKR,8,5,22,26,5.75,118.18181818181819
Anureet Singh,"PBKS,RR",18,8,47,36,5.25,76.59574468085107
Arjun Tendulkar,MI,4,1,9,13,13.0,144.44444444444446
Arshad Khan,"LSG,MI",10,7,69,101,25.25,146.3768115942029
Arshdeep Singh,PBKS,62,12,40,29,2.2,72.5
Arshin Atul Kulkarni,LSG,2,2,8,9,4.5,112.5
Arun Karthik,RCB,12,5,38,41,13.66,107.89473684210526
Ashish Nehra,"CSK,SRH",24,6,8,2,0.5,25.0
Ashish Reddy,SRH,22,18,164,245,22.88666667,149.390243902439
Ashok Dinda,"PWI,RCB,RPS",25,9,30,20,5.166666667,66.66666666666667
Ashton Turner,"LSG,RR",6,6,28,24,5.75,85.71428571428571
Ashutosh Sharma,PBKS,11,9,113,189,27.0,167.2566371681416
Atharva Taide,PBKS,9,9,168,247,28.535,147.02380952380952
Avesh Khan,"DC,LSG,RR",46,9,24,41,7.333333333,170.83333333333334
Axar Patel,"DC,PBKS",150,113,1263,1653,21.08683333,130.87885985748218
Ayush Badoni,LSG,42,35,473,634,24.43666667,134.03805496828753
Azhar Mahmood,"KKR,PBKS",12,11,161,202,12.8,125.46583850931677
Azmatullah Omarzai,GT,7,4,33,42,10.5,127.27272727272727
B Indrajith,KKR,3,3,30,21,7.0,70.0
B R Sharath,GT,1,1,5,2,2.0,40.0
Barinder Sran,"MI,PBKS,SRH",22,9,14,10,1.0,71.42857142857143
Basil Thampi,"GL,SRH",19,8,35,32,0.75,91.42857142857143
Ben Cutting,"MI,RR,SRH",21,17,141,238,17.83333333,168.79432624113474
Ben Dunk,MI,3,3,35,40,13.33,114.28571428571429
Ben Laughlin,"CSK,RR",9,4,13,5,2.5,38.46153846153846
Ben Rohrer,DC,8,8,140,193,32.16,137.85714285714286
Ben Stokes,"CSK,RPS,RR",45,44,698,935,19.495,133.9541547277937
Beuran Hendricks,PBKS,7,3,3,1,0.0,33.333333333333336
Bhanuka Rajapaksa,PBKS,13,13,191,277,23.28,145.0261780104712
Bharat Chipli,DC,1,1,18,16,16.0,88.88888888888889
Bhuvneshwar Kumar,"PWI,SRH",161,58,285,265,8.406818182,92.98245614035088
Billy Stanlake,SRH,4,1,2,5,0.0,250.0
Biplap Samantray,SRH,8,7,111,123,24.6,110.8108108108108
Bipul Sharma,SRH,18,8,51,83,19.16666667,162.7450980392157
Brad Hodge,RR,21,18,290,394,37.755,135.86206896551724
Brad Hogg,KKR,6,2,6,7,7.0,116.66666666666667
Brendon McCullum,"CSK,GL,KKR,RCB",62,62,1187,1647,21.265,138.7531592249368
Brett Lee,KKR,3,2,12,21,21.0,175.0
Cameron Green,"MI,RCB",29,28,460,707,41.05,153.69565217391303
Cameron White,SRH,13,13,191,209,17.41,109.42408376963351
Carlos Brathwaite,"DC,KKR,SRH",16,14,111,181,13.47166667,163.06306306306305
Chetan Sakariya,"DC,RR",16,8,31,20,3.6,64.51612903225806
Cheteshwar Pujara,"PBKS,RCB",10,10,223,217,24.0,97.30941704035874
Chidhambaram Gautam,"DC,MI",13,13,150,169,15.14,112.66666666666667
Chris Gayle,"PBKS,RCB",99,99,2218,3161,34.69625,142.51577998196572
Chris Jordan,"CSK,MI,PBKS,RCB,SRH",33,13,77,81,5.966,105.1948051948052
Chris Lynn,"KKR,MI",41,41,936,1323,41.204,141.34615384615384
Chris Morris,"CSK,DC,RCB,RR",81,51,398,618,19.495625,155.27638190954775
Chris Woakes,"DC,KKR,RCB",21,12,77,78,6.666666667,101.2987012987013
Colin Ingram,DC,12,12,154,184,18.4,119.48051948051948
Colin Munro,"DC,KKR",13,12,141,177,13.4,125.53191489361703
Colin de Grandhomme,"KKR,RCB",25,21,225,303,18.2575,134.66666666666666
Corey Anderson,"DC,MI,RCB",30,29,423,538,19.88666667,127.18676122931443
D'Arcy Short,RR,7,7,99,115,16.42,116.16161616161617
Dale Steyn,"GL,RCB,SRH",41,17,79,97,6.314444444,122.78481012658227
Dan Christian,"DC,RCB,RPS",28,21,121,125,10.48833333,103.30578512396694
Daniel Sams,"DC,MI,RCB",16,13,44,44,3.81,100.0
Darren Bravo,KKR,1,1,5,6,0.0,120.0
Darren Sammy,"RCB,SRH",22,20,241,295,14.355,122.40663900414938
Darshan Nalkande,GT,3,1,11,12,12.0,109.0909090909091
Daryl Mitchell,"CSK,RR",15,15,267,351,22.705,131.46067415730337
Dasun Shanaka,GT,3,3,26,26,13.0,100.0
David Hussey,"CSK,PBKS",17,15,303,351,40.75,115.84158415841584
David Miller,"GT,PBKS,RR",123,117,2025,2826,35.01349206,139.55555555555554
David Warner,"DC,SRH",145,145,3942,5540,41.65803571,140.53779807204464
David Wiese,"KKR,RCB",18,11,101,148,18.125,146.53465346534654
David Willey,RCB,8,5,62,53,4.5,85.48387096774194
Dawid Malan,PBKS,1,1,26,26,26.0,100.0
Debabrata Das,KKR,10,6,74,75,15.0,101.35135135135135
Deepak Chahar,"CSK,RPS",71,13,59,80,9.716,135.59322033898306
Deepak Hooda,"LSG,PBKS,RR,SRH",118,96,1131,1465,27.94229167,129.5313881520778
Devdutt Padikkal,"LSG,RCB,RR",64,64,1266,1559,20.37,123.1437598736177
Devon Conway,CSK,23,22,654,924,46.845,141.28440366972478
Dewald Brevis,MI,10,10,172,230,23.0,133.72093023255815
Dhawal Kulkarni,"GL,MI,RR",58,14,65,77,2.75,118.46153846153847
Dhruv Jurel,RR,28,22,229,347,23.045,151.52838427947597
Dhruv Shorey,CSK,2,2,17,13,6.5,76.47058823529412
Dimitri Mascarenhas,PBKS,1,1,5,5,0.0,100.0
Dinesh Karthik,"DC,GL,KKR,MI,RCB",184,172,2583,3611,28.169,139.7986837011227
Dishant Yagnik,RR,13,10,102,129,7.81,126.47058823529412
Domnic Joseph,DC,6,2,3,1,1.0,33.333333333333336
Donovan Ferreira,RR,2,2,11,8,4.0,72.72727272727273
Dushmantha Chameera,LSG,12,8,28,43,10.75,153.57142857142858
Dwaine Pretorius,CSK,6,5,28,44,11.0,157.14285714285714
Dwaraka Ravi Teja,SRH,2,2,17,14,14.0,82.3529411764706
Dwayne Bravo,"CSK,GL",106,70,544,721,15.561875,132.53676470588235
Dwayne Smith,"CSK,GL,MI",69,69,1469,1946,29.295,132.4710687542546
Eklavya Dwivedi,GL,4,2,14,24,12.0,171.42857142857142
Eoin Morgan,"KKR,PBKS,SRH",65,62,999,1233,22.38722222,123.42342342342343
Evin Lewis,"LSG,MI,RR",27,26,477,654,25.74,137.1069182389937
Fabian Allen,"MI,PBKS",5,4,19,14,7.0,73.6842105263158
Faf Du Plessis,RCB,45,45,1113,1636,38.85,146.99011680143755
Faf du Plessis,"CSK,RPS",87,81,1935,2537,28.18166667,131.11111111111111
Farhaan Behardien,PBKS,3,3,13,14,7.0,107.6923076923077
Fazalhaq Farooqi,SRH,7,2,13,3,0.0,23.076923076923077
Gautam Gambhir,"DC,KKR",82,81,1802,2152,23.788,119.42286348501665
George Bailey,"PBKS,RPS",36,34,478,600,23.5225,125.52301255230125
George Garton,RCB,5,3,4,2,2.0,50.0
Gerald Coetzee,MI,10,5,22,14,3.5,63.63636363636363
Glenn Maxwell,"DC,MI,PBKS,RCB",132,127,1757,2765,20.54525,157.37051792828686
Glenn Phillips,"RR,SRH",8,8,55,65,10.4,118.18181818181819
Gulbadin Naib,DC,2,1,15,19,19.0,126.66666666666667
Gurkeerat Mann Singh,"PBKS,RCB",34,28,370,425,15.34833333,114.86486486486487
Hanuma Vihari,"DC,SRH",24,23,321,284,7.74,88.47352024922118
Harbhajan Singh,"CSK,KKR,MI",100,51,320,403,7.13,125.9375
Hardik Pandya,"GT,MI",137,128,1734,2525,31.7525,145.61707035755478
Hardus Viljoen,PBKS,6,3,7,3,1.5,42.857142857142854
Harmeet Singh Bansal,PBKS,3,1,4,3,3.0,75.0
Harpreet Bhatia,PBKS,5,5,93,103,19.415,110.75268817204301
Harpreet Brar,PBKS,40,24,190,233,10.7,122.63157894736842
Harry Brook,SRH,11,11,154,190,21.11,123.37662337662337
Harry Gurney,KKR,8,1,5,1,0.0,20.0
Harshal Patel,"DC,PBKS,RCB",87,38,188,234,11.72,124.46808510638297
Harshit Rana,KKR,2,2,2,2,2.0,100.0
Hashim Amla,PBKS,16,16,407,577,43.08,141.76904176904176
Heinrich Klaasen,"RCB,RR,SRH",35,32,590,993,22.78333333,168.3050847457627
Hrithik Shokeen,MI,13,6,65,66,22.25,101.53846153846153
Imran Tahir,"CSK,DC,RPS",41,8,37,33,1.555555556,89.1891891891892
Iqbal Abdulla,"KKR,RCB",20,7,66,70,1.666666667,106.06060606060606
Irfan Pathan,"DC,GL,RPS,SRH",30,23,222,210,12.7275,94.5945945945946
Ish Sodhi,RR,8,2,17,7,3.5,41.1764705882353
Ishan Kishan,"GL,MI",104,99,1946,2644,23.96214286,135.86844809866392
Ishank Jaggi,KKR,2,2,39,33,33.0,84.61538461538461
Ishant Sharma,"DC,PBKS",36,9,23,20,2.0,86.95652173913044
Isuru Udana,RCB,10,4,11,15,5.0,136.36363636363637
JP Duminy,"DC,MI",44,39,816,1051,39.80833333,128.79901960784315
Jacques Kallis,KKR,24,23,451,462,22.945,102.4390243902439
Jagadeesan Narayan,"CSK,KKR",8,8,118,129,27.415,109.32203389830508
Jagadeesha Suchith,"DC,MI,SRH",21,10,61,70,18.16666667,114.75409836065573
Jake Fraser - McGurk,DC,9,9,141,330,36.67,234.04255319148936
James Faulkner,"GL,RR",57,43,376,513,22.23166667,136.43617021276594
James Neesham,RR,2,2,27,31,15.5,114.81481481481481
James Pattinson,MI,10,2,13,15,15.0,115.38461538461539
Jason Behrendorff,MI,12,2,9,6,0.0,66.66666666666667
Jason Holder,"KKR,LSG,RR,SRH",40,27,211,259,10.55583333,122.74881516587678
Jason Roy,"DC,GL,KKR,SRH",21,21,443,614,31.2825,138.6004514672686
Jasprit Bumrah,MI,113,24,70,68,5.25,97.14285714285714
Javon Searles,KKR,4,2,6,8,8.0,133.33333333333334
Jayant Yadav,"DC,MI",10,5,36,40,10.0,111.11111111111111
Jaydev Unadkat,"DC,LSG,MI,RPS,RR,SRH",79,30,164,195,8.059583333,118.90243902439025
Jeevan Mendis,DC,3,3,27,23,7.66,85.18518518518519
Jhye Richardson,"DC,PBKS",4,3,26,17,4.75,65.38461538461539
Jimmy Neesham,"DC,MI,PBKS",12,8,66,61,7.833333333,92.42424242424242
Jitesh Sharma,PBKS,40,36,483,730,23.34,151.13871635610766
Joe Denly,KKR,1,1,1,0,0.0,0.0
Joe Root,RR,3,1,15,10,10.0,66.66666666666667
Jofra Archer,"MI,RR",40,25,128,199,9.221666667,155.46875
Johan Botha,"DC,KKR",10,9,67,74,8.745,110.44776119402985
Jonny Bairstow,"PBKS,SRH",50,50,1100,1589,34.585,144.45454545454547
Jos Buttler,"MI,RR",107,106,2428,3582,33.17857143,147.52883031301482
Josh Hazlewood,RCB,15,6,28,19,0.0,67.85714285714286
Josh Philippe,RCB,5,5,77,78,19.5,101.2987012987013
Juan Theron,RR,1,1,1,1,0.0,100.0
K L Rahul,LSG,38,38,1079,1410,40.90666667,130.67655236329935
K.S Bharat,RCB,8,7,156,191,38.2,122.43589743589743
KC Cariappa,"KKR,PBKS",10,5,21,24,3.5,114.28571428571429
KL Rahul,"PBKS,RCB,SRH",94,85,2400,3273,36.14666667,136.375
Kagiso Rabada,"DC,PBKS",74,29,191,206,13.64875,107.85340314136126
Kamlesh Nagarkoti,KKR,11,7,33,22,3.665,66.66666666666667
Kane Richardson,"PWI,RCB,RR",14,4,39,36,6.0,92.3076923076923
Kane Williamson,"GT,SRH",78,77,1694,2128,24.146875,125.6198347107438
Karan Sharma,LSG,3,3,25,16,5.0,64.0
Karanveer Singh,PBKS,9,4,17,12,5.5,70.58823529411765
Karn Sharma,"MI,RCB,SRH",71,38,291,350,8.781666667,120.27491408934708
Kartik Tyagi,"RR,SRH",16,7,16,13,3.25,81.25
Karun Nair,"DC,PBKS,RCB,RR",76,68,1171,1496,16.24958333,127.75405636208369
Kedar Jadhav,"CSK,DC,RCB,SRH",84,72,902,1114,14.77416667,123.50332594235033
Keemo Paul,DC,8,6,24,18,3.6,75.0
Keshav Maharaj,RR,2,1,2,1,1.0,50.0
Kevin Pietersen,"DC,RPS",15,15,294,367,32.95,124.82993197278911
Kevon Cooper,RR,19,10,48,78,11.375,162.5
Khaleel Ahmed,SRH,23,3,5,1,0.3333333333,20.0
Kieron Pollard,MI,145,133,1877,2773,32.218,147.73574853489612
Krishnappa Gowtham,"LSG,PBKS,RR",31,26,147,247,22.41666667,168.02721088435374
Krunal Pandya,"LSG,MI",127,111,1240,1647,24.23833333,132.82258064516128
Kuldeep Yadav,"DC,KKR",81,33,216,183,18.32,84.72222222222223
Kuldip Yadav,RR,1,1,4,0,0.0,0.0
Kumar Kartikeya Singh,MI,12,2,12,9,4.5,75.0
Kumar Kushagra,DC,4,3,7,3,1.0,42.857142857142854
Kumar Sangakkara,SRH,9,9,136,120,13.33,88.23529411764706
Kushal Janith Perera,RR,2,2,13,14,7.0,107.6923076923077
Kyle Abbott,PBKS,5,3,8,13,13.0,162.5
Kyle Jamieson,RCB,9,7,55,65,16.25,118.18181818181819
Kyle Mayers,LSG,13,13,263,379,29.15,144.106463878327
Lakshmipathy Balaji,"KKR,PBKS",22,5,13,10,5.0,76.92307692307692
Lalit Yadav,DC,27,21,290,305,18.8,105.17241379310344
Lasith Malinga,MI,54,10,35,24,1.0625,68.57142857142857
Laxmi Ratan Shukla,"DC,KKR",9,5,50,34,5.915,68.0
Lendl Simmons,MI,29,29,852,1079,32.2125,126.64319248826291
Liam Livingstone,"PBKS,RR",39,39,578,940,23.59833333,162.62975778546712
Liam Plunkett,DC,7,2,3,1,1.0,33.333333333333336
Litton Das,KKR,1,1,4,4,4.0,100.0
Lizaad Williams,DC,2,1,2,1,0.0,50.0
Lockie Ferguson,"GT,KKR,RCB,RPS",37,10,46,68,0.875,147.82608695652175
Luke Pomersbach,PBKS,3,3,59,58,29.0,98.30508474576271
Luke Wood,MI,2,1,3,9,0.0,300.0
Luke Wright,PWI,6,6,60,106,21.2,176.66666666666666
MS Dhoni,"CSK,RPS",186,161,2506,3460,39.7435,138.06863527533918
Maheesh Theekshana,CSK,9,2,7,7,7.0,100.0
Mahela Jayawardena,DC,15,15,313,331,22.06,105.75079872204473
Mahesh Rawat,PWI,2,2,11,5,5.0,45.45454545454545
Mahipal Lomror,"RCB,RR",40,35,373,527,18.15875,141.28686327077747
Manan Vohra,"LSG,PBKS,RCB,RR",56,51,829,1083,15.726,130.63932448733414
Manav Suthar,GT,1,1,2,1,1.0,50.0
Mandeep Singh,"DC,KKR,PBKS,RCB",85,75,994,1223,13.498,123.03822937625755
Manish Pandey,"DC,KKR,LSG,PWI,SRH",130,122,2487,3041,25.4816,122.27583433856051
Manoj Tiwary,"DC,KKR,PBKS,RPS",43,37,594,726,23.94,122.22222222222223
Manpreet Gony,PBKS,8,5,25,45,11.25,180.0
Manpreet Juneja,DC,7,7,128,125,17.85,97.65625
Manvinder Bisla,"KKR,RCB",17,17,275,295,14.9025,107.27272727272727
Marchant de Lange,MI,1,1,2,1,1.0,50.0
Marco Jansen,"MI,SRH",21,13,66,66,6.666666667,100.0
Marcus Stoinis,"DC,LSG,PBKS,RCB",96,88,1314,1866,31.62125,142.00913242009133
Mark Wood,"CSK,LSG",5,3,8,12,6.0,150.0
Marlon Samuels,"DC,PWI",7,6,49,37,5.625,75.51020408163265
Martin Guptill,"MI,PBKS,SRH",13,13,196,270,22.66666667,137.75510204081633
Matthew Short,PBKS,6,6,92,117,19.5,127.17391304347827
Matthew Wade,GT,12,11,144,161,9.85,111.80555555555556
Mayank Agarwal,"DC,PBKS,RCB,RPS,SRH",103,102,1722,2295,17.14693333,133.27526132404182
Mayank Markande,"MI,SRH",27,11,42,48,4.125,114.28571428571429
Michael Bracewell,RCB,5,4,47,58,29.0,123.40425531914893
Michael Hussey,"CSK,MI",30,30,818,1019,29.51,124.5721271393643
Mitchell Johnson,"KKR,MI,PBKS",54,30,164,167,4.837222222,101.82926829268293
Mitchell Marsh,"DC,PWI,RPS,SRH",34,31,442,587,11.82083333,132.8054298642534
Mitchell McClenaghan,MI,56,24,70,85,7.498,121.42857142857143
Mitchell Santner,CSK,16,11,71,70,11.9175,98.59154929577464
Mitchell Starc,"KKR,RCB",41,17,109,105,8.54,96.3302752293578
Mithun Manhas,"CSK,PWI",15,7,40,48,8.75,120.0
Moeen Ali,"CSK,RCB",67,57,821,1162,20.10958333,141.5347137637028
Mohammad Nabi,"MI,SRH",24,19,150,215,8.524,143.33333333333334
Mohammad Shami,"DC,GT,KKR,PBKS",94,25,79,74,4.302083333,93.67088607594937
Mohammed Siraj,RCB,87,25,119,109,10.78571429,91.59663865546219
Mohit Rathee,PBKS,1,1,2,1,0.0,50.0
Mohit Sharma,"CSK,GT,PBKS",82,28,127,126,4.647777778,99.21259842519684
Mohsin Khan,LSG,18,4,17,25,12.5,147.05882352941177
Moises Henriques,"PBKS,RCB,SRH",57,50,743,951,27.81833333,127.99461641991924
Morne Morkel,"DC,KKR",39,11,36,66,5.7,183.33333333333334
Mujeeb Ur Rahman,"PBKS,SRH",19,7,15,12,1.833333333,80.0
Mukesh Choudhary,CSK,13,2,6,6,6.0,100.0
Mukesh Kumar,DC,20,5,18,10,1.5,55.55555555555556
Munaf Patel,GL,2,1,1,0,0.0,0.0
Murali Kartik,RCB,11,2,3,2,2.0,66.66666666666667
Murali Vijay,"CSK,DC,PBKS",57,57,1184,1331,22.29,112.41554054054055
Murugan Ashwin,"MI,PBKS,RCB,RPS",42,13,50,35,2.458333333,70.0
Mustafizur Rahman,"DC,MI,RR",31,9,23,13,0.3333333333,56.52173913043478
Naman Dhir,MI,7,7,79,140,23.33,177.21518987341773
Naman Ojha,"DC,SRH",59,42,499,594,13.21375,119.03807615230461
Narayan Jagadeesan,CSK,5,2,29,33,16.5,113.79310344827586
Nathan Coulter-Nile,"DC,KKR,MI,RR",37,16,72,82,4.79,113.88888888888889
Nathan Ellis,PBKS,13,4,23,19,9.25,82.6086956521739
Navdeep Saini,"RCB,RR",30,7,37,33,6.166666667,89.1891891891892
Naveen-Ul-Haq,LSG,18,6,25,18,8.0,72.0
Nehal Wadera,MI,14,10,166,241,26.78,145.18072289156626
Nehal Wadhera,MI,6,6,84,109,18.17,129.76190476190476
Nic Maddinson,RCB,3,3,21,20,6.0,95.23809523809524
Nicholas Pooran,"LSG,PBKS,SRH",76,73,1090,1769,36.00944444,162.29357798165137
Nikhil Naik,"KKR,PBKS",4,4,50,31,7.75,62.0
Nitish Kumar Reddy,SRH,13,11,212,303,33.67,142.9245283018868
Nitish Rana,"KKR,MI",107,101,1952,2636,30.0125,135.04098360655738
Noor Ahmad,GT,23,7,18,13,3.25,72.22222222222223
Obed McCoy,RR,7,1,5,8,8.0,160.0
Odean Smith,PBKS,6,6,44,51,17.0,115.9090909090909
Owais Shah,RR,2,2,23,25,12.5,108.69565217391305
Paras Dogra,KKR,1,1,8,5,5.0,62.5
Parthiv Patel,"MI,RCB,SRH",85,85,1508,1936,23.78,128.3819628647215
Parveez Rasool,"PWI,RCB,SRH",8,4,20,17,5.0,85.0
Pat Cummins,"DC,KKR,SRH",57,41,344,515,18.32333333,149.7093023255814
Paul Valthaty,PBKS,1,1,17,6,6.0,35.294117647058826
Pawan Negi,"CSK,DC,RCB",39,31,260,329,16.75,126.53846153846153
Peter Handscomb,RPS,2,1,12,6,6.0,50.0
Phil Salt,"DC,KKR",21,21,372,653,33.4,175.53763440860214
Piyush Chawla,"KKR,MI,PBKS",114,51,265,287,8.446666667,108.30188679245283
Prabhsimran Singh,PBKS,19,19,268,384,14.215,143.28358208955223
Pradeep Sahu,PBKS,5,2,13,19,19.0,146.15384615384616
Pradeep Sangwan,"GL,GT,KKR,MI",11,6,15,8,0.75,53.333333333333336
Pragyan Ojha,MI,16,3,4,2,2.0,50.0
Prashant Chopra,RR,1,1,6,8,8.0,133.33333333333334
Prasidh Krishna,"KKR,RR",51,10,24,9,3.0,37.5
Praveen Dubey,DC,1,1,20,16,16.0,80.0
Praveen Kumar,"GL,MI,PBKS,SRH",52,21,102,101,5.4975,99.01960784313725
Pravin Dubey,DC,3,1,13,7,0.0,53.84615384615385
Pravin Tambe,"GL,RR",33,6,39,18,0.4166666667,46.15384615384615
Prayas Ray Barman,RCB,1,1,24,19,19.0,79.16666666666667
Prerak Mankad,"LSG,PBKS",6,6,73,97,15.5,132.87671232876713
Prithvi Raj Yarra,KKR,2,1,1,0,0.0,0.0
Prithvi Shaw,DC,79,79,1283,1892,23.57714286,147.46687451286047
Priyam Garg,"DC,SRH",23,19,241,273,14.195,113.27800829875518
Quinton De Kock,LSG,30,30,629,901,31.59,143.24324324324326
Quinton de Kock,"DC,MI,RCB,SRH",77,77,1723,2256,23.48583333,130.93441671503192
Rachin Ravindra,CSK,10,10,138,222,22.2,160.8695652173913
Rahmanullah Gurbaz,KKR,14,13,216,289,25.82,133.7962962962963
Rahul Chahar,"MI,PBKS,RPS",64,21,115,129,6.616111111,112.17391304347827
Rahul Dravid,RR,18,17,425,471,29.43,110.82352941176471
Rahul Sharma,PWI,11,6,17,11,2.75,64.70588235294117
Rahul Shukla,DC,3,3,21,18,18.0,85.71428571428571
Rahul Tewatia,"DC,GT,PBKS,RR",92,65,752,1013,22.88333333,134.70744680851064
Rahul Tripathi,"KKR,RPS,RR,SRH",95,93,1605,2236,26.79166667,139.31464174454828
Raiphi Gomez,PWI,2,1,1,4,0.0,400.0
Rajagopal Sathish,"KKR,PBKS",13,11,101,133,14.9,131.68316831683168
Rajangad Bawa,PBKS,2,2,14,11,5.5,78.57142857142857
Rajat Bhatia,"KKR,RPS,RR",42,26,171,216,16.06666667,126.3157894736842
Rajat Patidar,RCB,27,24,503,799,34.54333333,158.84691848906562
Ramandeep Singh,"KKR,MI",20,13,102,170,26.875,166.66666666666666
Rashid Khan,"GT,SRH",121,60,337,545,16.93033333,161.72106824925817
Rasikh Salam,"DC,KKR,MI",11,6,40,40,4.666666667,100.0
Rassie van der Dussen,RR,3,3,24,22,11.0,91.66666666666667
Ravi Bishnoi,"LSG,PBKS",52,14,49,32,4.0,65.3061224489796
Ravi Bopara,SRH,9,8,120,145,29.0,120.83333333333333
Ravi Rampaul,RCB,12,7,50,51,11.25,102.0
Ravichandran Ashwin,"CSK,DC,PBKS,RPS,RR",163,80,599,742,15.172,123.87312186978298
Ravindra Jadeja,"CSK,GL",180,136,1533,2055,31.977,134.0508806262231
Reece Topley,RCB,4,1,6,3,0.0,50.0
Richard Gleeson,CSK,2,1,2,2,0.0,100.0
Ricky Bhui,"DC,SRH",4,4,26,10,2.5,38.46153846153846
Ricky Ponting,MI,6,5,75,52,10.4,69.33333333333333
Rilee Rossouw,"DC,PBKS,RCB",22,22,308,473,22.08,153.57142857142858
Rinku Singh,KKR,46,40,623,893,24.91166667,143.33868378812198
Ripal Patel,DC,9,7,73,80,15.77666667,109.58904109589041
Rishabh Pant,DC,111,110,2205,3284,34.8225,148.93424036281178
Rishi Dhawan,"MI,PBKS",38,24,187,210,12.25,112.29946524064171
Riyan Parag,RR,70,58,868,1173,22.93833333,135.13824884792626
Robin Uthappa,"CSK,KKR,PWI,RR",130,127,2580,3414,24.72375,132.32558139534885
Roelof van der Merwe,DC,3,2,25,22,11.0,88.0
Rohit Sharma,MI,179,178,3525,4653,29.39583333,132.0
Romario Shepherd,"MI,SRH",9,8,62,115,28.75,185.48387096774192
Ronit More,CSK,2,1,2,2,0.0,100.0
Ross Taylor,"DC,PWI",9,9,135,122,16.13,90.37037037037037
Rovman Powell,"DC,RR",27,22,244,360,15.4175,147.54098360655738
Ruturaj  Gaikwad,CSK,14,14,291,368,26.29,126.46048109965636
Ruturaj Gaikwad,CSK,52,51,1448,2012,47.8725,138.95027624309392
Ryan Harris,PBKS,3,2,5,2,2.0,40.0
Ryan McLaren,KKR,2,2,6,3,1.5,50.0
Ryan ten Doeschate,KKR,20,16,141,198,20.55333333,140.4255319148936
Sachin Baby,"RCB,RR",19,11,118,144,7.466666667,122.03389830508475
Sachin Rana,RCB,9,7,65,73,24.33,112.3076923076923
Sachin Tendulkar,MI,14,14,231,287,22.07,124.24242424242425
Sachithra Senanayake,KKR,8,4,17,10,10.0,58.8235294117647
Sai Kishore,GT,5,2,6,13,13.0,216.66666666666666
Sai Sudharsan,GT,25,25,743,1034,45.29,139.16554508748317
Sam Billings,"CSK,DC,KKR",30,27,388,503,17.79666667,129.63917525773195
Sam Curran,"CSK,PBKS",59,48,647,883,23.53583333,136.47604327666153
Sameer Rizwi,CSK,8,5,43,51,12.75,118.6046511627907
Samuel Badree,RCB,7,5,23,13,2.6,56.52173913043478
Sandeep Lamichhane,DC,6,1,1,0,0.0,0.0
Sandeep Sharma,"PBKS,RR,SRH",107,26,69,54,1.916666667,78.26086956521739
Sanju Samson,"DC,RR",168,163,3180,4419,29.213,138.96226415094338
Sanvir Singh,SRH,6,5,21,25,12.5,119.04761904761905
Sarfaraz Khan,"DC,PBKS,RCB",50,37,448,585,21.98,130.58035714285714
Saurabh Tiwary,"DC,MI,RCB,RPS",39,29,545,658,23.72416667,120.73394495412845
Saurav Chauhan,RCB,3,3,15,18,6.0,120.0
Sean Abbott,"RCB,SRH",3,3,18,22,7.25,122.22222222222223
Shadab Jakati,GL,6,1,2,1,0.0,50.0
Shahbaz Ahmed,"RCB,SRH",55,37,440,536,17.7325,121.81818181818181
Shahbaz Nadeem,"DC,SRH",52,19,84,39,2.496666667,46.42857142857143
Shahrukh Khan,"GT,PBKS",40,38,391,553,19.21166667,141.43222506393863
Shai Hope,DC,9,9,122,183,22.88,150.0
Shakib Al Hasan,"KKR,SRH",56,42,541,673,15.342,124.39926062846581
Shams Mulani,MI,2,1,1,1,0.0,100.0
Shane Watson,"CSK,RCB,RR",106,103,1963,2632,25.94277778,134.08048904737646
Shardul Thakur,"CSK,DC,KKR,PBKS,RPS",95,37,221,307,7.526,138.91402714932127
Shashank Singh,"PBKS,SRH",24,19,262,423,30.75,161.45038167938932
Shaun Marsh,PBKS,29,28,687,874,31.51,127.2197962154294
Sheldon Cottrell,PBKS,6,1,2,0,0.0,0.0
Sheldon Jackson,KKR,9,8,57,61,12.375,107.01754385964912
Sherfane Rutherford,"DC,RCB",10,9,104,106,15.55,101.92307692307692
Shikhar Dhawan,"DC,PBKS,SRH",164,164,4065,5229,36.94222222,128.63468634686348
Shimron Hetmyer,"DC,RCB,RR",72,66,812,1244,27.27722222,153.20197044334975
Shivam Dube,"CSK,RCB,RR",65,61,1024,1502,26.30833333,146.6796875
Shivam Mavi,KKR,32,12,56,51,5.8325,91.07142857142857
Shivam Sharma,PBKS,4,2,3,5,5.0,166.66666666666666
Shivam Singh,PBKS,1,1,3,2,0.0,66.66666666666667
Shivil Kaushik,GL,7,2,1,0,0.0,0.0
Shreevats Goswami,SRH,8,5,44,52,8.665,118.18181818181819
Shreyas Gopal,"MI,RR,SRH",49,22,169,180,5.499444444,106.50887573964496
Shreyas Iyer,"DC,KKR",116,115,2453,3127,32.48964286,127.47655931512433
Shubham Dubey,RR,4,3,19,33,16.5,173.68421052631578
Shubman Gill,"GT,KKR",103,100,2370,3216,38.17583333,135.69620253164558
Siddarth Kaul,"DC,SRH",53,12,36,20,0.125,55.55555555555556
Siddharth Trivedi,RR,17,2,7,3,3.0,42.857142857142854
Siddhesh Lad,MI,1,1,13,15,15.0,115.38461538461539
Sikandar Raza,PBKS,9,9,136,182,24.65,133.8235294117647
Simarjeet Singh,CSK,6,3,8,7,7.0,87.5
Simran Singh,PBKS,15,15,249,372,19.785,149.3975903614458
Spencer Johnson,GT,5,3,7,6,0.0,85.71428571428571
Sreenath Aravind,RCB,15,9,41,32,4.0,78.04878048780488
Srikar Bharat,DC,2,2,7,8,4.0,114.28571428571429
Srikkanth Anirudha,SRH,1,1,5,3,3.0,60.0
Steve Smith,"DC,PWI,RPS,RR",88,79,1673,2123,34.88375,126.89778840406456
Stuart Binny,"RCB,RR",80,59,580,745,18.698,128.44827586206895
Subramaniam Badrinath,CSK,18,8,121,124,17.71,102.47933884297521
Sumit Kumar,DC,4,3,24,18,9.0,75.0
Sumit Narwal,KKR,2,1,15,23,23.0,153.33333333333334
Sunil Narine,KKR,162,108,918,1525,12.02833333,166.12200435729847
Suresh Raina,"CSK,GL",124,122,2424,3274,32.6775,135.06600660066007
Suryakumar Yadav,"KKR,MI",149,134,2469,3594,29.77607143,145.56500607533414
Suyash S Prabhudessai,RCB,11,10,106,126,15.38333333,118.86792452830188
Swapnil Singh,"LSG,PBKS,RCB",14,9,45,51,7.166666667,113.33333333333333
Syed Mohammad,RCB,4,2,13,10,5.0,76.92307692307692
T Natarajan,SRH,16,3,5,3,0.0,60.0
Tabraiz Shamsi,RR,1,1,4,2,0.0,50.0
Tanush Kotian,RR,1,1,31,24,24.0,77.41935483870968
Thalaivan Sargunam,SRH,1,1,17,10,10.0,58.8235294117647
Thisara Perera,"PBKS,RPS,SRH",30,26,271,395,16.90666667,145.75645756457564
Tilak Varma,MI,38,38,790,1156,40.19,146.32911392405063
Tillakaratne Dilshan,RCB,5,5,93,76,15.2,81.72043010752688
Tim David,"MI,RCB",38,35,387,659,16.0,170.28423772609818
Tim Seifert,"DC,KKR",3,3,23,26,7.0,113.04347826086956
Tim Southee,"KKR,MI,RCB,RR",47,20,107,120,7.9375,112.14953271028037
Tirumalasetti Suman,PWI,7,5,58,52,10.4,89.65517241379311
Tom Banton,KKR,2,2,20,18,9.0,90.0
Tom Curran,"DC,KKR,RR",13,10,107,127,37.22,118.69158878504673
Tom Kohler- Cadmore,RR,4,3,54,48,16.0,88.88888888888889
Travis Head,"RCB,SRH",25,25,444,772,34.55,173.87387387387386
Trent Boult,"DC,KKR,MI,RR",96,27,78,83,4.458333333,106.41025641025641
Tristan Stubbs,"DC,MI",18,17,233,405,30.375,173.8197424892704
Tushar Deshpande,DC,5,2,12,21,21.0,175.0
Tymal Mills,RCB,5,3,11,8,2.66,72.72727272727273
Udit Birla,PWI,2,1,14,7,7.0,50.0
Umesh Yadav,"DC,GT,KKR,RCB",117,46,185,202,16.23958333,109.1891891891892
Umran Malik,SRH,22,6,16,23,11.5,143.75
Unmukt Chand,"DC,MI,RR",17,16,254,262,9.916666667,103.14960629921259
Usman Khawaja,RPS,6,6,100,127,21.16,127.0
Vaibhav Arora,"KKR,PBKS",20,8,16,9,1.25,56.25
Varun Aaron,"PBKS,RCB,RR",30,9,64,49,2.5,76.5625
Varun Chakaravarthy,KKR,55,12,46,25,2.0,54.34782608695652
Venkatesh Iyer,KKR,51,49,967,1326,33.1925,137.12512926577043
Venugopal Rao,SRH,7,5,63,71,23.66,112.6984126984127
Vijay Shankar,"DC,GT,SRH",71,60,859,1115,33.11,129.80209545983703
Vijay Zol,RCB,3,2,26,29,14.5,111.53846153846153
Vijayakanth Viyaskanth,SRH,3,1,5,7,0.0,140.0
Vikramjeet Malik,RR,1,1,2,1,0.0,50.0
Vinay Kumar,"KKR,MI,RCB",43,15,67,93,25.83333333,138.80597014925374
Virat Kohli,RCB,175,175,4691,6365,43.41666667,135.6853549349819
Virat Singh,SRH,3,2,26,15,7.5,57.69230769230769
Virender Sehwag,"DC,PBKS",38,38,632,849,22.0725,134.33544303797467
Vishnu Vinod,"MI,RCB",6,6,57,56,9.33,98.24561403508773
Vivrant Sharma,SRH,3,1,47,69,69.0,146.80851063829786
Vyshak Vijaykumar,RCB,11,4,12,14,7.0,116.66666666666667
Wanindu Hasaranga,RCB,26,14,73,72,7.643333333,98.63013698630137
Washington Sundar,"RCB,RPS,SRH",58,38,324,378,11.93916667,116.66666666666667
Wayne Parnell,"DC,PWI,RCB",19,4,14,9,3.0,64.28571428571429
Will Jacks,RCB,8,8,131,230,32.86,175.57251908396947
Wriddhiman Saha,"CSK,GT,PBKS,SRH",126,117,2010,2562,25.31083333,127.46268656716418
Yash Dhull,DC,4,3,23,16,5.33,69.56521739130434
Yashasvi Jaiswal,RR,53,52,1067,1607,28.636,150.6091846298032
Yogesh Takawale,RCB,5,5,91,104,20.8,114.28571428571429
Yudhvir Singh,LSG,5,4,16,22,5.5,137.5
Yusuf Pathan,"KKR,SRH",99,85,1244,1716,30.0115,137.94212218649517
Yuvraj Singh,"DC,MI,PBKS,PWI,RCB,SRH",75,71,1182,1513,22.58666667,128.00338409475467
Yuzvendra Chahal,"RCB,RR",117,20,86,37,3.095,43.02325581395349
Zaheer Khan,"DC,MI",29,9,33,18,5.75,54.54545454545455
